<?xml version="1.0" encoding="UTF-8" standalone="yes" ?>
<!DOCTYPE Comments [
<!ELEMENT Comments (commentID,CommentTime,comment,CustomerID,transactionID,locationID,truckno)>
<!ELEMENT commentID (#PCDATA)>
<!ELEMENT CommentTime (#PCDATA)>
<!ELEMENT comment (#PCDATA)>
<!ELEMENT CustomerID (#PCDATA)>
<!ELEMENT transactionID (#PCDATA)>
<!ELEMENT locationID (#PCDATA)>
<!ELEMENT truckno (#PCDATA)>
]>

<Comments>
   <comment id ="111">
		<CommentTime>11:23:21</CommentTime>
		<CustomerID> 11 </CustomerID>
		<transactionID> 22 </transactionID>
		<locationID> 33 </locationID>
		<truckno>  44</truckno>
	</comment>		 
 	<comment id ="112">
		<CommentTime>11:20:15</CommentTime>
		<CustomerID> 12</CustomerID>
		<transactionID> 33 </transactionID>
		<locationID> 44 </locationID>
		<truckno>  55</truckno>
	 </comment>	 
</Comments>
