<?xml version="1.0" encoding="UTF-8" standalone="yes" ?>
<!DOCTYPE Customers [
<!ELEMENT Customers (CustomerID,CustomerTitle,BusinessName,BillingAddress,Customer,Type)>
<!ELEMENT BillingAddress (City,State,PostalCode,Country,PhoneNumber,CellNumber,OtherNumber,FaxNumber,EmailAddress)>
<!ELEMENT Customer (Type,CompanyName,ContactName,AlternateContentName,DateEntered)>
<!ELEMENT CustomerTitle (#PCDATA)>
<!ELEMENT BusinessName (#PCDATA)>
<!ELEMENT City (#PCDATA)>
<!ELEMENT State (#PCDATA)>
<!ELEMENT PostalCode (#PCDATA)>
<!ELEMENT Country (#PCDATA)>
<!ELEMENT PhoneNumber (#PCDATA)>
<!ELEMENT CellNumber (#PCDATA)>
<!ELEMENT FaxNumber (#PCDATA)>
<!ELEMENT EmailAddress (#PCDATA)>
<!ELEMENT Type (#PCDATA)>
<!ELEMENT CompanyName (#PCDATA)>
<!ELEMENT ContactName (#PCDATA)>
<!ELEMENT AlternateContentName (#PCDATA)>
<!ELEMENT DateEntered (#PCDATA)>
]>

<Customers>
	<Customer id ="11">
	<CustomerTitle> qwer </CustomerTitle>
	<BusinessName> asdf </BusinessName>
	<BillingAddress> qqq</BillingAddress> 
		<City> chicago</City>
		<State> IL</State>
		<PostalCode>60616 </PostalCode>
		<Country>USA </Country>
		<PhoneNumber>3217146206 </PhoneNumber>
		<CellNumber>  123</CellNumber>
		<OtherNumber>321 </OtherNumber>
		<FaxNumber>1122-22 </FaxNumber>
		<EmailAddress> jeevi.jevith@gmail.com</EmailAddress>
	<CustomerDetails> www</CustomerDetails>
		<Type> Jee</Type>
		<CompanyName> Facebook</CompanyName>
		<ContactName> Jeevith</ContactName>
		<AlternateContentName>  HM</AlternateContentName>
		<DateEntered>21/12/12 </DateEntered>
	</Customer>	
------------------------------------------------------------------------------	
	<Customer id="12">
	<CustomerTitle>rewq</CustomerTitle>
	<BusinessName>aaa</BusinessName>
	<BillingAddress> qqq</BillingAddress> 
		<City>arizona</City>
		<State> AS</State>
		<PostalCode>60626 </PostalCode>
		<Country>USA </Country>
		<PhoneNumber>3211146206 </PhoneNumber>
		<CellNumber> 13</CellNumber>
		<OtherNumber>32 </OtherNumber>
		<FaxNumber>1111-22 </FaxNumber>
		<EmailAddress>i.jevith@gmail.com</EmailAddress>
	<CustomerDetails> aaa</CustomerDetails>	
		<Type>ama</Type>
		<CompanyName>Microsoft</CompanyName>
		<ContactName> Sharanaya</ContactName>
		<AlternateContentName>Raj</AlternateContentName>
		<DateEntered>12/10/10 </DateEntered>
	</Customer>	
</Customers>
