<?xml version="1.0" encoding="UTF-8" standalone="yes" ?>
<!DOCTYPE Employee [
<!ELEMENT Employee (EmployeeId,FirstName,LastName,contacts,jobdescription,DriverLicenseNumber,Address,Birthdate,Notes)>
<!ELEMENT contacts (Email,Extension,CellPhone)>
<!ELEMENT jobdescription (JobTitle,SocialSecurityNumber,DateHired,Salary)>
<!ELEMENT Address (City,State,PostalCode)>
<!ELEMENT EmployeeId (#PCDATA)>
<!ELEMENT FirstName (#PCDATA)>
<!ELEMENT LastName (#PCDATA)>
<!ELEMENT DriverLicenseNumber (#PCDATA)>
<!ELEMENT Birthdate (#PCDATA)>
<!ELEMENT Notes (#PCDATA)>
<!ELEMENT Email (#PCDATA)>
<!ELEMENT Extension (#PCDATA)>
<!ELEMENT CellPhone (#PCDATA)>
<!ELEMENT JobTitle (#PCDATA)>
<!ELEMENT SocialSecurityNumber (#PCDATA)>
<!ELEMENT DateHired (#PCDATA)>
<!ELEMENT Salary (#PCDATA)>
<!ELEMENT City (#PCDATA)>
<!ELEMENT State (#PCDATA)>
<!ELEMENT PostalCode (#PCDATA)>
]>

<Employees>
	<Employee id = "11">
		<FirstName>Sharanaya </FirstName>
		<LastName> Raj  </LastName>
	<contacts> 11</contacts>
		<Email>sharanay123@gmail.com </Email>
		<Extension>  234 </Extension>
		<CellPhone> 213  </CellPhone>
	<jobdescription>eee</jobdescription>
		<JobTitle> Assisatnt manager </JobTitle>
		<SocialSecurityNumber>  23456789    </SocialSecurityNumber>
		<DateHired>  12/02/2010 </DateHired>
		<Salary>$1000 </Salary>
	<DriverLicenseNumber>22222 </DriverLicenseNumber>
	<Address>  sss </Address>
		<City> chicago </City>
		<State> IL </State>
		<PostalCode>  60616</PostalCode>
	
	<Birthdate> 28/08/1993</Birthdate>
		<Notes>notes </Notes>
		</Employee>

---------------------------------------

	<Employee id = "13">
		<FirstName>Meghana </FirstName>
		<LastName> Raj  </LastName>
	<contacts> 11</contacts>
		<Email>meghana123@gmail.com </Email>
		<Extension> 321 </Extension>
		<CellPhone> 456 </CellPhone>
	
	<jobdescription>vv</jobdescription>
		<JobTitle>  manager </JobTitle>
		<SocialSecurityNumber>  98765432   </SocialSecurityNumber>
		<DateHired>  21/08/2011 </DateHired>
		<Salary>$1040 </Salary>
	<DriverLicenseNumber>2232 </DriverLicenseNumber>
	<Address> 33 </Address> 
		<City> Spring </City>
		<State> IL </State>
		<PostalCode>  60167</PostalCode>
	<Birthdate> 1/01/1994</Birthdate>
		<Notes>notes </Notes>
		
		</Employee>
		</Employees>