<?xml version="1.0" encoding="UTF-8" standalone="yes" ?>
<!DOCTYPE Expenses [
<!ELEMENT Expenses (ExpenseID,EmployeeID,ExpenseType,PurposeofExpense,AmountSpent,Description,DatePurchased,DateSubmitted,AdvanceAmount,PaymentMethod)>
<!ELEMENT ExpenseID (#PCDATA)>
<!ELEMENT EmployeeID (#PCDATA)>
<!ELEMENT ExpenseType (#PCDATA)>
<!ELEMENT PurposeofExpense (#PCDATA)>
<!ELEMENT AmountSpent (#PCDATA)>
<!ELEMENT Description (#PCDATA)>
<!ELEMENT DatePurchased (#PCDATA)>
<!ELEMENT DateSubmitted (#PCDATA)>
<!ELEMENT AdvanceAmount (#PCDATA)>
<!ELEMENT PaymentMethod (#PCDATA)>
]>

<Expenses>
	<Expense id="456">
	<EmployeeID> 90</EmployeeID>
	<ExpenseType> costly</ExpenseType>
	<PurposeofExpense> aaa</PurposeofExpense>
	<AmountSpent>$2000 </AmountSpent>
	<Description> Bf</Description>
	<DatePurchased> 28/01/2017</DatePurchased>
	<DateSubmitted> 29/01/2017</DateSubmitted>
	<AdvanceAmount> $1000</AdvanceAmount>
	<PaymentMethod> credit</PaymentMethod>
	</Expense>
------------------------------------------------------------
<Expense id ="456">
	<EmployeeID> 89</EmployeeID>
	<ExpenseType> nt too costly </ExpenseType>
	<PurposeofExpense> bbb</PurposeofExpense>
	<AmountSpent>$20 </AmountSpent>
	<Description> food</Description>
	<DatePurchased> 18/01/2017</DatePurchased>
	<DateSubmitted> 19/01/2017</DateSubmitted>
	<AdvanceAmount> $100</AdvanceAmount>
	<PaymentMethod> credit</PaymentMethod>
	</Expense>
</Expenses>