<?xml version="1.0" encoding="UTF-8" standalone="yes" ?>
<!DOCTYPE Customers [
<!ELEMENT Invoices (Invoicenumber_ID,address,product)>
<!ELEMENT address (name,company,street)>
<!ELEMENT product (description,price,quantity)>
<!ELEMENT Invoicenumber_ID  (#PCDATA)>
<!ELEMENT name (#PCDATA)>
<!ELEMENT company (#PCDATA)>
<!ELEMENT street (#PCDATA)>
<!ELEMENT description (#PCDATA)>
<!ELEMENT price (#PCDATA)>
<!ELEMENT quantity (#PCDATA)>
]>



<Invoices>
<Invoicenumber id = "44">
<address>
	<name>jeevith </name>
	<company>VMware</company>
	<street>2901 south king drive</street>
</address>

<product>
	<description>good </description>
	<price>$2000</price>
	<quantity>222</quantity>
</product>
</Invoicenumber>

-----------------------------------------------------
<Invoicenumber id = "34" >
<address>
	<name>nitin </name>
	<company>jio</company>
	<street>2801 south king drive</street>
</address>

<product>
	<description>good is  </description>
	<price>$2020</price>
	<quantity>212</quantity>
</product>
</Invoicenumber>
</Invoices>