<?xml version="1.0" encoding="UTF-8" standalone="yes" ?>
<!DOCTYPE locations [
   <!ELEMENT locations (locationID,locName,locationCode,Address)>
    <!ELEMENT Address (customerID,addressStreet1,addressStreet2,city,state,postalCode,region,location_contact_name,locPhone,locFaxNumber,locEmail)>
   <!ELEMENT locationID (#PCDATA)>
   <!ELEMENT locName (#PCDATA)>
   <!ELEMENT locationCode (#PCDATA)>
   <!ELEMENT isAuction (#PCDATA)>
   <!ELEMENT customerID (#PCDATA)>
   <!ELEMENT addressStreet1 (#PCDATA)>
   <!ELEMENT addressStreet2 (#PCDATA)>
   <!ELEMENT city (#PCDATA)>
   <!ELEMENT state (#PCDATA)>
   <!ELEMENT postalCode (#PCDATA)>
   <!ELEMENT region (#PCDATA)>
   <!ELEMENT location_contact_name (#PCDATA)>
   <!ELEMENT locPhone (#PCDATA)>
   <!ELEMENT locFaxNumber (#PCDATA)>
   <!ELEMENT locEmail (#PCDATA)>
]>

<locations>
<location id="11"> 
	<locName>york</locName>
 	<locationCode>355</locationCode>
 	<isAuction>NO</isAuction>
	<Address>
		<customerID>6676</customerID>
		<addressStreet1>2901</addressStreet1>
		<addressStreet2>south king</addressStreet2>
		<city>chicago</city>
		<state>IL</state>
		<postalCode>60616</postalCode>
		<region > S America</region>
		<location_contact_name> sharanya </location_contact_name>
		<locPhone> 233</locPhone>
		<locFaxNumber> 234-233</locFaxNumber>
		<locEmail>jee@gmail.com</locEmail>
	</Address>
	</location>
	---------------------
<location id="12"> 
	<locName>ASU</locName>
 	<locationCode>6016</locationCode>
 	<isAuction>Yes</isAuction>
	<Address>
		<customerID>6676</customerID>
		<addressStreet1>2001</addressStreet1>
		<addressStreet2>north drive</addressStreet2>
		<city>spring filed</city>
		<state>IL</state>
		<postalCode>60616</postalCode>
		<region >N A</region>
		<location_contact_name>Jee</location_contact_name>
		<locPhone>234</locPhone>
		<locFaxNumber>9822</locFaxNumber>
		<locEmail>shar@gmail</locEmail>
	</Address>
	</location>
</locations>

 
	
	
	
	
	
	
	
	
	
	
	
	
	
	
	
	
	
	
	
	
	


 