<?xml version="1.0" encoding="UTF-8" standalone="yes" ?>
<!DOCTYPE Orders [
<!ELEMENT Orders (OrderID,OrderDate,CustomerID,EmployeeID,TruckID,isSPecial,PurchaseOrderNumber,OrderTotalAmount)>
<!ELEMENT CustomerID (#PCDATA)>
<!ELEMENT OrderDate (#PCDATA)>
<!ELEMENT CustomerID (#PCDATA)>
<!ELEMENT EmployeeID (#PCDATA)>
<!ELEMENT TruckID (#PCDATA)>
<!ELEMENT isSPecial (#PCDATA)>
<!ELEMENT PurchaseOrderNumber (#PCDATA)>
<!ELEMENT OrderTotalAmount (#PCDATA)>
<!ELEMENT TrasnactionID (#PCDATA)>

]>

<Orders>
	<Order id = "45">
	<OrderDate>01/12/2017 </OrderDate>
	<CustomerID> 11</CustomerID>
	<EmployeeID>90 </EmployeeID>
	<TruckID>34</TruckID>
	<isSPecial>Yes </isSPecial>
	<PurchaseOrderNumber> 21</PurchaseOrderNumber>
	<OrderTotalAmount> $2000</OrderTotalAmount>
	<TrasnactionID>222</TrasnactionID>
	</Order>
	----------------------
	<Order id = "52">
	<OrderDate>01/1/2017 </OrderDate>
	<CustomerID> 12</CustomerID>
	<EmployeeID>89 </EmployeeID>
	<TruckID>43</TruckID>
	<isSPecial>no </isSPecial>
	<PurchaseOrderNumber> 2</PurchaseOrderNumber>
	<OrderTotalAmount> $20</OrderTotalAmount>
	<TrasnactionID>2</TrasnactionID>
	</Order>
</Orders>

