<?xml version="1.0" encoding="UTF-8" standalone="yes" ?>
<!DOCTYPE Payments [
<!ELEMENT Payments (PaymentID,OrderID,TransactionID,PaymentInformation)>
<!ELEMENT PaymentID  (#PCDATA)>
<!ELEMENT OrderID (#PCDATA)>
<!ELEMENT TransactionID (#PCDATA)>
<!ELEMENT PaymentMethodID (#PCDATA)>
<!ELEMENT PaymentAmount (#PCDATA)>
<!ELEMENT CheckNumber (#PCDATA)>
<!ELEMENT CreditCard (#PCDATA)>
<!ELEMENT CreditCardNumber (#PCDATA)>
<!ELEMENT CardholdersName (#PCDATA)>
<!ELEMENT CreditCardExpDate (#PCDATA)>
<!ELEMENT CreditCardAuthorizationNumber (#PCDATA)>
]>

	
<Payments>
	<PaymentID> 22</PaymentID>
	<OrderID>89 </OrderID>
	<TransactionID>12</TransactionID>
	<PaymentInformation>
		<PaymentMethodID>card </PaymentMethodID>
		<PaymentAmount>amount </PaymentAmount>
		<PaymentDate>12/02/14 </PaymentDate>
		<CheckNumber> 222</CheckNumber>
		<CreditCard>33456777 </CreditCard>
		<CreditCardNumber> 221</CreditCardNumber>
		<CardholdersName> Jeevith</CardholdersName>
		<CreditCardExpDate>1/1/20 </CreditCardExpDate>
		<CreditCardAuthorizationNumber> 333</CreditCardAuthorizationNumber>
	</PaymentInformation>
-------------------------------------------------------
<PaymentID> 21</PaymentID>
	<OrderID>8 </OrderID>
	<TransactionID>1</TransactionID>
	<PaymentInformation>
		<PaymentMethodID>card </PaymentMethodID>
		<PaymentAmount>amount </PaymentAmount>
		<PaymentDate>12/03/14 </PaymentDate>
		<CheckNumber> 22</CheckNumber>
		<CreditCard>3342777 </CreditCard>
		<CreditCardNumber> 21</CreditCardNumber>
		<CardholdersName> Jith</CardholdersName>
		<CreditCardExpDate>10/1/20 </CreditCardExpDate>
		<CreditCardAuthorizationNumber> 233</CreditCardAuthorizationNumber>
	</PaymentInformation>
</Payments>



