<?xml version="1.0" encoding="UTF-8" standalone="yes" ?>
<!DOCTYPE Pricing [
<!ELEMENT Pricing (priceID,locationIDFrom,locationIDTO,price,locationCodeFrom,locationCodeTo,locationNameFrom,locationNameTo,customerID)>
<!ELEMENT priceID (#PCDATA)>
<!ELEMENT locationIDFrom (#PCDATA)>
<!ELEMENT locationIDTO (#PCDATA)>
<!ELEMENT price (#PCDATA)>
<!ELEMENT locationCodeFrom (#PCDATA)>
<!ELEMENT locationCodeTo (#PCDATA)>
<!ELEMENT locationNameFrom (#PCDATA)>
<!ELEMENT locationNameTo (#PCDATA)>
<!ELEMENT customerID (#PCDATA)>
]>

<Pricing>
	<prices id= "1">
	<locationIDFrom>P</locationIDFrom>
	<locationIDTO> Q</locationIDTO>
	<price>$100 </price>
	<locationCodeFrom> r</locationCodeFrom>
	<locationCodeTo>a </locationCodeTo>
	<locationNameFrom> h</locationNameFrom>
	<locationNameTo> t</locationNameTo>
	<customerID> 89</customerID>
	</prices>
	
	----------------------------------
	<prices id = "233"> 
	<locationIDFrom>P</locationIDFrom>
	<locationIDTO> Q</locationIDTO>
	<price>$100 </price>
	<locationCodeFrom> r</locationCodeFrom>
	<locationCodeTo>a </locationCodeTo>
	<locationNameFrom> h</locationNameFrom>
	<locationNameTo> t</locationNameTo>
	<customerID> 89</customerID>
	</prices>	
</Pricing>





