<?xml version="1.0" encoding="UTF-8" standalone="yes" ?>

<!DOCTYPE Transactions [
<!ELEMENT Transactions (transactionID,OrderID,priceID,transactionDate,transactionDescription,transactionAmount,make,model,year,employeeID,truckNo,discount,quantity,unitPrice,driverPrice,vin,runNumber,special,rate,surcharge)>
<!ELEMENT transactionID (#PCDATA)>
<!ELEMENT OrderID (#PCDATA)>
<!ELEMENT priceID (#PCDATA)>
<!ELEMENT transactionDate (#PCDATA)>
<!ELEMENT transactionDescription (#PCDATA)>
<!ELEMENT transactionAmount (#PCDATA)>
<!ELEMENT make (#PCDATA)>
<!ELEMENT model (#PCDATA)>
<!ELEMENT year (#PCDATA)>
<!ELEMENT employeeID (#PCDATA)>
<!ELEMENT truckNo (#PCDATA)>
<!ELEMENT discount (#PCDATA)>
<!ELEMENT quantity (#PCDATA)>
<!ELEMENT unitPrice (#PCDATA)>
<!ELEMENT driverPric (#PCDATA)>
<!ELEMENT vin (#PCDATA)>
<!ELEMENT runNumber (#PCDATA)>
<!ELEMENT special (#PCDATA)>
<!ELEMENT rate (#PCDATA)>
<!ELEMENT surcharge (#PCDATA)>
]>

<Transactions>
<transaction ID = "1">
	<OrderID>22 </OrderID>
	<priceID>33 </priceID>
	<transactionDate>44 </transactionDate>
	<transactionDescription> 444</transactionDescription>
	<transactionAmount>44 </transactionAmount>
	<make>23 </make>
	<model> 333</model>
	<year> 777</year>
	<employeeID> 6</employeeID>
	<truckNo>4 </truckNo>
	<discount>444 </discount>
	<quantity>44 </quantity>
	<unitPrice>3 </unitPrice>
	<driverPric> 33</driverPric>
	<vin>33 </vin>
	<runNumber> 33</runNumber>
	<special>333 </special>
	<rate>33 </rate>
	<surcharge>33 </surcharge>
</transaction>
	--------------------------------
	<transaction ID = "2"> 
	<OrderID>23 </OrderID>
	<priceID> 33</priceID>
	<transactionDate> 44</transactionDate>
	<transactionDescription> e</transactionDescription>
	<transactionAmount> 333</transactionAmount>
	<make>de </make>
	<model> dd</model>
	<year>1999 </year>
	<employeeID> 33</employeeID>
	<truckNo>33 </truckNo>
	<discount> 33</discount>
	<quantity> 33</quantity>
	<unitPrice>33 </unitPrice>
	<driverPric> 33</driverPric>
	<vin>33 </vin>
	<runNumber> 33</runNumber>
	<special>33 </special>
	<rate>33</rate>
	<surcharge>ww </surcharge>
	</transaction>	
</Transactions>

