<?xml version="1.0" encoding="UTF-8" standalone="yes" ?>
<!DOCTYPE Trucks [
<!ELEMENT Trucks (TruckNo,Make,Year,Model,LicensePlateNo,EmployeeID,Color,vin)>
<!ELEMENT TruckNo (#PCDATA)>
<!ELEMENT Make (#PCDATA)>
<!ELEMENT Year (#PCDATA)>
<!ELEMENT LicensePlateNo (#PCDATA)>
<!ELEMENT EmployeeID (#PCDATA)>
<!ELEMENT Color (#PCDATA)>
<!ELEMENT vin (#PCDATA)>

]>

<Trucks>
	<Truck id= "11">
	<Make> aa</Make>
	<Year> bb</Year>
	<Model> aaa</Model>
	<LicensePlateNo>xx</LicensePlateNo>
	<EmployeeID>xx </EmployeeID>
	<Color>xx </Color>
	<vin> xx</vin>
	</Truck>
	-----------------------------
	<Truck id= "12">
	<Make>b</Make>
	<Year> 1993</Year>
	<Model> www</Model>
	<LicensePlateNo>22</LicensePlateNo>
	<EmployeeID>33</EmployeeID>
	<Color>red </Color>
	<vin> ww</vin>	
	</Truck>
</Trucks>

